{
  "particles": {
    "fps_limit": 30,
    "number": {
      "value": 5,
      "density": {
        "enable": true,
        "value_area": 500
      }
    },
    "color": {
      "value": "#ffb800"
    },
    "shape": {
      "type": "circle",
      "stroke": {
        "width": 0,
        "color": "#000"
      },
      "polygon": {
        "nb_sides": 6
      },
      "image": {
        "src": "img/github.svg",
        "width": 100,
        "height": 100
      }
    },
    "opacity": {
      "value": 0.8,
      "random": true,
      "anim": {
        "enable": false,
        "speed": 1,
        "opacity_min": 0,
        "sync": false
      }
    },
    "size": {
      "value": 100,
      "random": true,
      "anim": {
        "enable": true,
        "speed": 79.1158207667042,
        "size_min": 0,
        "sync": false
      }
    },
    "line_linked": {
      "enable": false,
      "distance": 200,
      "color": "#000000",
      "opacity": 1,
      "width": 2
    },
    "move": {
      "enable": true,
      "speed": 7,
      "direction": "top",
      "random": true,
      "straight": true,
      "out_mode": "out",
      "bounce": false,
      "attract": {
        "enable": false,
        "rotateX": 600,
        "rotateY": 1200
      }
    }
  },
  "interactivity": {
    "detect_on": "canvas",
    "events": {
      "onhover": {
        "enable": true,
        "mode": "repulse"
      },
      "onclick": {
        "enable": true,
        "mode": "remove"
      },
      "resize": true
    },
    "modes": {
      "grab": {
        "distance": 200,
        "line_linked": {
          "opacity": 1
        }
      },
      "bubble": {
        "distance": 200,
        "size": 40,
        "duration": 2,
        "opacity": 8,
        "speed": 3
      },
      "repulse": {
        "distance": 200,
        "duration": 0.4
      },
      "push": {
        "particles_nb": 4
      },
      "remove": {
        "particles_nb": 2
      }
    }
  },
  "retina_detect": true,
  "config_demo": {
    "hide_card": false,
    "background_color": "",
    "background_image": "",
    "background_position": "50% 50%",
    "background_repeat": "no-repeat",
    "background_size": "cover"
  }
}
